keyword,volume,rank,etv,url
clover pos system,8100,5,1312.199951171875,/store/p/clover-flex
clover system pos,9900,5,963.27001953125,/store
clover pos,9900,8,464.30999755859375,/store/p/clover-station-solo
clover flex,4400,9,289.9599914550781,/store/p/clover-flex-epp
clover point of sale systems,8100,10,207.36000061035156,/store/p/clover-station-solo-pos-placement
clover payment terminal,1900,7,184.8699951171875,/store/p/clover-flex
clover compact,1600,7,155.67999267578125,/store/p/clover-compact
clover machine,1600,6,155.67999267578125,/store/p/clover-flex
clover station,2900,5,136.00999450683594,/store/p/clover-station-solo
clover devices,1300,5,126.48999786376953,/store/p/clover-flex
clover flex pos system,720,6,116.63999938964844,/store/p/clover-flex
clover terminal,720,2,116.63999938964844,/store/p/clover-flex
clover credit card machine,1900,9,89.11000061035156,/store/p/clover-flex-epp
clover pos pricing,1600,8,75.04000091552734,/store/p/clover-flex
clover kiosk,880,7,57.992000579833984,/store/p/clover-kiosk
clover point of sale,590,6,57.40700149536133,/store/p/clover-station-solo-pos-placement
clover pricing,1600,8,54.08000183105469,/store/p/clover-flex-epp
clover duo,1000,12,46.900001525878906,/store/p/clover-station-duo
clover system,1000,14,46.900001525878906,/store/p/clover-station-solo
clover pos system price,260,5,42.119998931884766,/store/p/clover-station-solo
clover flex 4,880,9,41.27199935913086,/clover/clover-flex
clover mini,2900,14,32.77000045776367,/store/p/clover-mini-3
pax a77,390,6,25.701000213623047,/store/p/pax-a77-payanywhere-smart-terminal-pos-mini
clover station duo,1000,12,25.600000381469727,/store/p/clover-duo-2-clover-flex-3-combo
pax a920 pro,1000,11,25.600000381469727,/store/p/pax-a920-pro-payanywhere-smart-terminal-pos
clover compact terminal,260,5,25.29800033569336,/store/p/clover-compact
clover handheld device,140,7,22.68000030517578,/store/p/clover-flex
clover flex pos,390,8,18.291000366210938,/store/p/clover-flex-epp
clover handheld,390,10,18.291000366210938,/clover/clover-flex
growthzilla,390,6,18.291000366210938,/growthzilla-uzeli-salon-pos
valor vp550,390,9,18.291000366210938,/store/p/valor-vp550
clover flex credit card machine,110,5,17.81999969482422,/store/p/clover-flex-epp
clover restaurant pos system,110,5,17.81999969482422,/store/p/clover-station-solo-pos-placement
clover flex price,170,5,16.541000366210938,/store/p/clover-flex
clover hardware,170,3,16.541000366210938,/store/p/clover-flex
clover pos terminal,170,7,16.541000366210938,/store/p/clover-flex
pos station,170,8,16.541000366210938,/store/p/clover-station-solo-pos-placement
clover station duo price,50,3,15.199999809265137,/store/p/clover-duo-2-clover-flex-3-combo
clover station pos system,320,8,15.008000373840332,/store/p/clover-station-solo
clover flex terminal,90,3,14.579999923706055,/store/p/clover-flex
clover equipment,210,6,13.83899974822998,/store/p/clover-flex
clover solo,210,6,13.83899974822998,/store/p/clover-station-solo
greta pos,210,6,13.83899974822998,/greta-grocery-store-pos
clover handheld pos,140,6,13.621999740600586,/clover/clover-flex
clover pos devices,140,3,13.621999740600586,/store/p/clover-flex
clover pos machine,140,8,13.621999740600586,/store/p/clover-station-solo-pos-placement
clover pos restaurant,140,6,13.621999740600586,/store/p/clover-station-solo-pos-placement
clover self order kiosk,140,6,13.621999740600586,/store/p/clover-kiosk
clover self ordering kiosk,140,6,13.621999740600586,/store/p/clover-kiosk
clover card machine,260,8,12.194000244140625,/store/p/clover-flex
clover pos hardware,260,8,12.194000244140625,/store/p/clover-flex
pax e700,260,9,12.194000244140625,/store/p/pax-e700
clover duo station,320,10,10.815999984741211,/store/p/clover-station-duo-pos-placement
clover monthly fees,320,7,10.815999984741211,/blog/clover-pos-cost-pricing-2025-hardware-clover-fees-processing-fees
clover mini pos,210,9,9.848999977111816,/store/p/clover-mini-3
clover mini pos system,210,10,9.848999977111816,/store/p/clover-mini-3
handheld pos device,480,12,9.456000328063965,/blog/top-7-handheld-pos-systems-for-2026
clover payroll,140,7,9.22599983215332,/blog/clover-adp-payroll-integration
clover pos for restaurant,140,8,9.22599983215332,/store/p/clover-station-solo-pos-placement
clover pos for restaurants,140,8,9.22599983215332,/clover-for-restaurants
