seed,kw,vol,kd,cpc,intent
clover pos troubleshooting,clover pos troubleshooting,10,,,navigational
clover pos troubleshooting,hp troubleshooting,320,74,8.86,informational
clover pos troubleshooting,simplisafe troubleshooting,210,0,13.38,navigational
clover pos troubleshooting,ibm wheelwriter 1000 troubleshooting,10,0,,navigational
clover pos troubleshooting,ecobee troubleshooting,170,0,0.22,navigational
clover pos troubleshooting,clinimacs prodigy troubleshooting,0,,,navigational
clover pos troubleshooting,ingenico desk 5000 troubleshooting,10,0,,informational
clover pos troubleshooting,keurig 2.0 troubleshooting,70,0,0.26,informational
clover pos troubleshooting,satsuma troubleshooting,20,0,,navigational
clover pos troubleshooting,amana ptac troubleshooting,70,0,,navigational
clover pos troubleshooting,amatrol troubleshooting,0,,,navigational
clover pos troubleshooting,mertik maxitrol troubleshooting,30,0,,navigational
clover pos troubleshooting,xp-pen troubleshooting,20,1,,navigational
clover pos troubleshooting,keurig k supreme troubleshooting,40,0,1.96,navigational
clover pos troubleshooting,pentair intelliflo troubleshooting,10,0,,navigational
clover pos troubleshooting,infinias eidc32 troubleshooting,10,0,,informational
clover pos troubleshooting,utillian 5 troubleshooting,0,,,informational
clover pos troubleshooting,kwikset smartcode 260 troubleshooting,30,0,,informational
clover pos troubleshooting,comptia 6 step troubleshooting,20,0,,informational
clover pos troubleshooting,natro macro troubleshooting guide,10,0,,informational
clover pos troubleshooting,surface pro 7 troubleshooting,10,55,,navigational
clover pos troubleshooting,jvc ha a7t troubleshooting,10,,,informational
clover pos troubleshooting,automate pulse 2 troubleshooting,10,11,,informational
clover pos troubleshooting,bogen pa system troubleshooting,0,,,navigational
clover pos troubleshooting,relion premier blu troubleshooting,0,,,navigational
clover pos troubleshooting,inficon d-tek select troubleshooting,10,0,,navigational
clover pos troubleshooting,abbott id now machine troubleshooting,0,,,navigational
clover pos troubleshooting,compustar remote start troubleshooting,170,0,0.12,navigational
clover pos troubleshooting,compustar remote starter troubleshooting,170,0,0.12,navigational
clover pos troubleshooting,kwikee step troubleshooting guide,90,0,,informational
clover pos troubleshooting,schlage be365 troubleshooting,70,7,,navigational
clover pos troubleshooting,schlage-be365-troubleshooting,70,0,,navigational
clover pos troubleshooting,keurig 2 0 troubleshooting,0,0,,informational
clover pos troubleshooting,troubleshooting ti 84 plus,10,29,,informational
clover pos troubleshooting,pentek intellidrive troubleshooting,20,0,,navigational
clover pos troubleshooting,hp computer troubleshooting,40,42,4.46,informational
clover pos troubleshooting,fujitsu troubleshooting codes,40,0,,informational
clover pos troubleshooting,jura e8 troubleshooting,20,0,5.52,navigational
clover pos troubleshooting,ti-84 plus ce troubleshooting,30,1,,navigational
clover pos troubleshooting,ingenico move/5000 troubleshooting,20,0,,informational
clover pos troubleshooting,culligan ro system troubleshooting,20,1,4.67,informational
clover pos troubleshooting,troubleshooting allen bradley plc,40,0,,navigational
clover pos troubleshooting,ezgo txt troubleshooting,10,0,0.04,navigational
clover pos troubleshooting,hp support troubleshooting,10,100,19.53,navigational
clover pos troubleshooting,panini evernext troubleshooting,10,,,navigational
clover pos troubleshooting,mec 2033es troubleshooting,10,,,informational
clover pos troubleshooting,ezgo its troubleshooting,10,,,navigational
clover pos troubleshooting,orbit 57894 troubleshooting,10,0,,navigational
clover pos troubleshooting,ezgo dcs troubleshooting,10,23,,navigational
clover pos troubleshooting,vaultek safe troubleshooting,10,0,,navigational
clover pos troubleshooting,noco genius troubleshooting,10,34,,navigational
clover pos troubleshooting,fitech efi troubleshooting,10,21,,navigational
clover pos troubleshooting,life360 troubleshooting,20,0,,informational
clover pos troubleshooting,troubleshooting wiki,20,19,,informational
clover pos troubleshooting,veraflo troubleshooting,0,,,navigational
clover pos troubleshooting,keurig k-mini plus troubleshooting,20,0,2.91,navigational
clover pos troubleshooting,start-x remote start troubleshooting,20,13,,informational
clover pos troubleshooting,top o matic troubleshooting,10,0,,navigational
clover pos troubleshooting,kwikset smartcode 909 troubleshooting,10,13,,informational
clover pos troubleshooting,uniden dect 6.0 troubleshooting,10,12,,navigational
clover pos troubleshooting,kwikset smartcode 914 troubleshooting,10,12,,informational
clover pos troubleshooting,kwikset smartcode 913 troubleshooting,10,0,,informational
clover pos troubleshooting,npodm dx wh troubleshooting,10,11,,navigational
clover pos troubleshooting,fitech ultimate ls troubleshooting,10,0,,navigational
clover pos troubleshooting,help desk troubleshooting guide,10,26,23.84,informational
clover pos troubleshooting,kwikset smartcode 955 troubleshooting,10,16,,informational
clover pos troubleshooting,ids troubleshooting guide,0,,,informational
clover pos troubleshooting,aluratek com troubleshooting,20,,,navigational
clover pos troubleshooting,nustep t4r troubleshooting,0,,,informational
clover pos troubleshooting,paslode 900420 troubleshooting,0,,,informational
clover pos troubleshooting,haas skbif troubleshooting,20,,,navigational
clover pos troubleshooting,eemax lavadvantage troubleshooting,20,,,navigational
clover pos troubleshooting,opal 2.0 troubleshooting,0,,,informational
clover pos troubleshooting,nurture right 360 incubator troubleshooting,10,0,,navigational
clover pos troubleshooting,hp 5-step troubleshooting methodology,30,2,,informational
clover pos troubleshooting,kwikset smartcode 888 troubleshooting guide,10,,,informational
clover pos troubleshooting,ezgo forward reverse switch troubleshooting,30,0,,navigational
clover pos troubleshooting,hp 5 step troubleshooting methodology,30,0,,informational
clover pos troubleshooting,ribu1c troubleshooting,10,,,navigational
clover pos troubleshooting,10zig troubleshooting,10,,,navigational
clover pos troubleshooting,copystar troubleshooting,10,13,,navigational
clover pos troubleshooting,activac troubleshooting,10,,,informational
clover pos troubleshooting,e4od troubleshooting,10,11,,informational
clover pos troubleshooting,matt85 troubleshooting,10,40,,informational
clover pos troubleshooting,pfsf6pkxbb troubleshooting,10,,,navigational
clover pos troubleshooting,c800796p01 troubleshooting,10,31,,navigational
clover pos troubleshooting,ipc360 troubleshooting,10,0,,informational
clover pos troubleshooting,360fly troubleshooting,10,,,navigational
clover pos troubleshooting,troubleshooting hsrp,10,18,,informational
clover pos troubleshooting,icm401 troubleshooting,10,0,,navigational
clover pos troubleshooting,62te troubleshooting,10,,,informational
clover pos troubleshooting,uttnorem2 troubleshooting,10,,,navigational
clover pos troubleshooting,luvabella troubleshooting,10,,,navigational
clover pos troubleshooting,dgaa056bdtb troubleshooting,10,,,informational
clover pos troubleshooting,w10469286 troubleshooting,10,43,1.25,informational
clover pos troubleshooting,becsys3 troubleshooting,10,12,,navigational
clover pos troubleshooting,rotospa troubleshooting,10,,,informational
clover pos troubleshooting,glmmtmb troubleshooting,10,,,informational
clover pos troubleshooting,biostar troubleshooting,10,,,navigational
clover pos troubleshooting,02 troubleshooting,10,,,informational
clover pos troubleshooting,aou24rlxfz troubleshooting,10,,,navigational
clover pos troubleshooting,simplex troubleshooting,10,,,informational
clover pos troubleshooting,joleeseasyimage troubleshooting,10,49,,navigational
clover pos troubleshooting,jb7 troubleshooting,10,,,informational
clover pos troubleshooting,lectrasan troubleshooting,10,9,,informational
clover pos troubleshooting,blueparrott troubleshooting,10,,,navigational
clover pos troubleshooting,8bitdo troubleshooting,10,,,navigational
clover pos troubleshooting,xbmcmart troubleshooting,10,50,,navigational
clover pos troubleshooting,ycc365 troubleshooting,10,44,,navigational
clover pos troubleshooting,aou36rlxfz troubleshooting,10,,,navigational
clover pos troubleshooting,easylabel troubleshooting,10,,,navigational
clover pos troubleshooting,297370600 troubleshooting,10,,,informational
clover pos troubleshooting,simplicikey troubleshooting,10,,,informational
clover pos troubleshooting,becsys7 troubleshooting,10,,,navigational
clover pos troubleshooting,calabrio troubleshooting,10,,,navigational
clover pos troubleshooting,asio4all troubleshooting,10,,,navigational
clover pos troubleshooting,3107541.009 troubleshooting,10,,,informational
clover pos troubleshooting,bluebook troubleshooting,10,,,navigational
clover pos troubleshooting,bellabeat troubleshooting,10,,,navigational
clover pos troubleshooting,0365 troubleshooting,10,,,informational
clover pos troubleshooting,gendex troubleshooting,10,,,navigational
clover pos troubleshooting,bacview6 troubleshooting,10,,,navigational
clover pos troubleshooting,cistermiser troubleshooting,10,,,navigational
clover pos troubleshooting,sw10de troubleshooting,10,,,informational
clover pos troubleshooting,batocera troubleshooting,10,,,navigational
clover pos troubleshooting,blumat troubleshooting,10,,,navigational
clover pos troubleshooting,mhk2 troubleshooting,10,11,,navigational
clover pos troubleshooting,mondopad troubleshooting,10,,,navigational
clover pos troubleshooting,cimfax troubleshooting,10,,,navigational
clover pos troubleshooting,maas360 troubleshooting,10,,,informational
clover pos troubleshooting,kuds02frss1 troubleshooting,10,,,navigational
clover pos troubleshooting,mimioteach troubleshooting,10,42,,informational
clover pos troubleshooting,dionex troubleshooting,10,,,navigational
clover pos troubleshooting,bialetti troubleshooting,10,,,informational
clover pos troubleshooting,icm271 troubleshooting,10,0,,informational
clover pos troubleshooting,cs540 troubleshooting,10,,,informational
clover pos troubleshooting,comfyui troubleshooting,10,,,navigational
clover pos troubleshooting,47re troubleshooting,10,9,,informational
clover pos troubleshooting,vixwin troubleshooting,10,43,,navigational
clover pos troubleshooting,drufomat troubleshooting,10,45,,navigational
clover pos troubleshooting,faq troubleshooting,10,,,informational
clover pos troubleshooting,troubleshooting benchy,10,1,,navigational
clover pos troubleshooting,troubleshooting faq,10,45,,informational
clover pos troubleshooting,computime101 troubleshooting,10,4,,navigational
clover pos troubleshooting,pacojet troubleshooting,10,39,,navigational
clover pos troubleshooting,boombotix troubleshooting,10,,,informational
clover pos troubleshooting,x10 troubleshooting,10,43,,informational
clover pos troubleshooting,in.k1000 troubleshooting,10,0,,navigational
clover pos troubleshooting,nobeltec troubleshooting,10,,,navigational
clover pos troubleshooting,ezgo txt 48 troubleshooting,0,0,,navigational
clover help,clover customer service number 24/7,880,3,20.83,informational
clover help,clover help,260,13,14.45,navigational
clover help,clover merchant support phone number,170,13,19.82,informational
clover help,clover merchant customer service,170,3,17.07,navigational
clover help,clover customer service number 24 7 usa,110,0,9.34,navigational
clover help,clover customer service hours,90,0,28.4,informational
clover help,call clover customer service,70,0,11.26,navigational
clover help,clover customer service email,50,6,14.84,navigational
clover help,clover station duo power button,50,0,,transactional
clover help,clover pos manual pdf,40,0,,informational
clover help,clover customer service chat,30,10,55,navigational
clover help,clover chat support,30,10,23.24,navigational
clover help,clover flex manual,20,4,,informational
clover help,clover customer service telephone number,20,16,30.36,navigational
clover help,clover mini manual,20,0,,informational
clover help,clover us customer service number,10,,12.76,navigational
clover help,clover pos manual pdf free download,10,,,informational
clover help,clover user manual,10,4,,informational
clover help,clover station duo manual,10,0,,informational
clover help,clover merchant customer service telephone number,10,,7.32,navigational
clover help,clover customer service email address,10,,,navigational
clover help,clover flex 4 manual,10,,,navigational
clover help,clover flex sim card slot,10,,,transactional
clover help,clover flex 3 manual,10,0,,informational
clover help,clover flex troubleshooting,10,0,,navigational
clover help,clover flex user guide,10,,,informational
clover help,clover station duo setup,10,,,navigational
clover help,clover flex models,0,,,navigational
clover dining,clover login,110000,26,16.19,navigational
clover dining,clover food lab,8100,11,3.96,navigational
clover dining,clover restaurants,4400,0,7.89,commercial
clover dining,clover go,4400,6,45.36,informational
clover dining,clover merchant login,2900,17,18.88,navigational
clover dining,clover go login,1900,20,15.02,navigational
clover dining,clover sc restaurants,1900,0,0.34,commercial
clover dining,clover capital login,1900,2,94.86,navigational
clover dining,my clover health login,1900,8,14.02,navigational
clover dining,my clover login,1600,25,11.43,navigational
clover dining,clover app market,1300,15,12.57,navigational
clover dining,clover menu,1000,0,0.84,navigational
clover dining,my clover health otc login,1000,0,9.77,navigational
clover dining,clover merchant,880,45,41.33,informational
clover dining,clover station menu,880,0,,navigational
clover dining,clover go card reader,720,0,20.4,transactional
clover dining,clover food lab menu,590,6,0.78,informational
clover dining,clover go app,590,24,27.87,navigational
clover dining,clover restaurant near me,480,2,2.27,navigational
clover dining,clover register login,320,11,8.52,navigational
clover dining,clover sign up,320,40,45.75,navigational
clover dining,clover app login,260,33,,navigational
clover dining,clover app download,260,38,10.22,navigational
clover dining,homebase app download,260,25,4.47,navigational
clover dining,clover merchant services phone number,210,2,26.77,navigational
clover dining,clover app store,210,36,14.08,navigational
clover dining,clover dining,170,0,14.29,navigational
clover dining,clover boston menu,170,7,,navigational
clover dining,clover merchant portal login,170,9,,navigational
clover dining,clover essentials plan,140,0,10.03,informational
clover dining,clover restaurants near me,140,0,8.65,commercial
clover dining,clover food lab locations,140,10,,navigational
clover dining,clover go dashboard,140,0,12.56,navigational
clover dining,clover rewards app,110,16,5.72,navigational
clover dining,clover cambridge menu,110,1,1,navigational
clover dining,clover homebase login,110,7,0.02,navigational
clover dining,clover food menu,110,2,0.05,informational
clover dining,clover app android,110,24,13.73,navigational
clover dining,clover dashboard app,110,10,11.16,navigational
clover dining,app homebase login,110,41,0.01,navigational
clover dining,clover go customer service,110,0,35.02,navigational
clover dining,clover mobile,90,0,27.15,navigational
clover dining,my clover login password,90,0,,navigational
clover dining,clover software plans,90,0,16.91,commercial
clover dining,capital clover login,90,0,,navigational
clover dining,clover mobile app,70,31,17.25,navigational
clover dining,clover merchant login password,70,14,,navigational
clover dining,my clover account,70,0,58.6,navigational
clover dining,my clover login register,70,0,,navigational
clover dining,clover dining app,50,25,,navigational
clover dining,clover lunch menu,50,0,,informational
clover dining,clover manager login,50,8,,navigational
clover dining,clover go app download,50,15,13,navigational
clover dining,clover go app android,50,12,10.02,navigational
clover dining,clover go app for android,50,12,10.02,navigational
clover dining,clover restaurant growth plan,40,0,12.71,commercial
clover dining,clover food lab nutrition facts,40,1,,informational
clover dining,my clover login pos,40,19,,navigational
clover dining,clover app download free,30,56,5.84,transactional
clover dining,clover food lab app,30,12,,navigational
clover dining,clover food lab delivery,30,5,4.01,transactional
clover dining,clover capital merchant login,30,,,navigational
clover dining,homebase employee login password,30,,0.94,navigational
clover dining,clover go sign up,30,49,68.25,navigational
clover dining,clover go app for iphone,30,,17.51,navigational
clover dining,clover food lab recipes,20,0,,informational
clover dining,clover food lab reddit,20,,,navigational
clover dining,clover app review,20,2,16.51,navigational
clover dining,clover capital customer service telephone number,20,,35.81,navigational
clover dining,my clover login app,20,,6.5,navigational
clover dining,clover dining menu,10,,,informational
clover dining,clover dining near me,10,,,commercial
clover dining,what is clover business,10,,,informational
clover dining,clover perks and order ahead,10,,,commercial
clover dining,clover essentials plan price,10,,15.06,commercial
clover dining,clover restaurant pos reviews,10,,21.82,informational
clover dining,clover essentials plan vs retail growth,10,,11.73,commercial
clover dining,clover merchant app,10,28,,navigational
clover dining,clover mobile reviews,10,,,informational
clover dining,clover food lab menu newton,10,0,,informational
clover dining,clover app for business,10,54,8.6,navigational
clover dining,clover go g2 app,10,23,,transactional
clover dining,clover register login app,10,,,navigational
clover dining,clover go app for windows,10,,,navigational
clover dining,how to use clover go app,0,,,informational
clover pos contract,contract,60500,25,13.71,informational
clover pos contract,shaw contract,8100,14,10.57,informational
clover pos contract,skubal contract,8100,4,,commercial
clover pos contract,contract for difference,18100,24,5.26,informational
clover pos contract,quasi contract,2400,1,,informational
clover pos contract,gsa contract,2900,53,7.59,informational
clover pos contract,mpj contract,1600,3,,informational
clover pos contract,purdy contract,2900,14,,commercial
clover pos contract,honors contract,590,0,18.69,informational
clover pos contract,lindor contract,2400,15,,informational
clover pos contract,shohei contract,2900,17,,informational
clover pos contract,zion contract,1000,5,,informational
clover pos contract,contract to hire,1300,0,18.29,informational
clover pos contract,curry contract,1900,2,,informational
clover pos contract,stanton contract,2400,17,,informational
clover pos contract,macklin celebrini contract,2900,8,,informational
clover pos contract,w2 contract,880,0,0.14,informational
clover pos contract,puka contract,1600,0,,transactional
clover pos contract,gmp contract,1600,5,,informational
clover pos contract,contingency contract,1300,0,25.78,informational
clover pos contract,reed blankenship contract,2400,1,,informational
clover pos contract,shai contract,1900,0,,informational
clover pos contract,tatis contract,1600,0,,informational
clover pos contract,ctu contract,880,0,,informational
clover pos contract,purchase contract,720,16,5.91,transactional
clover pos contract,bregman contract,2900,6,,informational
clover pos contract,achane contract,1600,7,,informational
clover pos contract,o g anunoby contract,6600,0,,informational
clover pos contract,option 40 contract,1300,0,3.94,informational
clover pos contract,chet contract,1300,7,,informational
clover pos contract,watson contract,880,17,,informational
clover pos contract,gibbs contract,1300,0,,informational
clover pos contract,bedard contract,1300,19,,informational
clover pos contract,ef contract,720,2,13.55,informational
clover pos contract,tari eason contract,1600,1,,informational
clover pos contract,devers contract,1000,23,,informational
clover pos contract,afa contract,110,7,,informational
clover pos contract,nimmo contract,880,14,,informational
clover pos contract,time and materials contract,1600,16,3.61,informational
clover pos contract,acuna contract,1300,17,,informational
clover pos contract,landry shamet contract,2400,0,,navigational
clover pos contract,reaves contract,720,5,,informational
clover pos contract,pickens contract,1600,7,,informational
clover pos contract,forward contract,1000,7,25.04,informational
clover pos contract,two-way contract,1300,6,,informational
clover pos contract,bregman's contract,2900,17,,informational
clover pos contract,freelance vs contract,880,3,2.84,informational
clover pos contract,freelance contract,1300,6,10.59,commercial
clover pos contract,btu contract,590,0,,informational
clover pos contract,pritchard contract,590,0,,commercial
clover pos contract,oea contract,170,0,,informational
clover pos contract,hea contract,170,0,19.1,informational
clover pos contract,h contract,720,0,,informational
clover pos contract,redlines contract,1300,0,17.71,informational
clover pos contract,betts contract,260,17,,informational
clover pos contract,degrom contract,390,14,,informational
clover pos contract,tips contract,720,0,29.66,informational
clover pos contract,output contract,320,0,,informational
clover pos contract,bijan contract,1000,2,,transactional
clover pos contract,put contract,210,13,,informational
clover pos contract,two way contract,1300,6,,informational
clover pos contract,uft contract,880,0,,informational
clover pos contract,chapman contract,390,23,,informational
clover pos contract,collateral contract,110,0,13.09,informational
clover pos contract,slave contract,480,2,0.88,informational
clover pos contract,adt contract,260,1,14.74,informational
clover pos contract,kb contract,390,0,,commercial
clover pos contract,contract express,1000,5,16.71,commercial
clover pos contract,fixed term contract,390,3,13.06,informational
clover pos contract,shamet contract,480,4,,informational
clover pos contract,fixed price contract,880,8,,informational
clover pos contract,contract of catalyst acquisition,40,0,,transactional
clover pos contract,pft contract,390,0,,informational
clover pos contract,rendon contract,590,16,,informational
clover pos contract,contract number,390,0,10.06,informational
clover pos contract,baker contract,590,7,,informational
clover pos contract,t1 contract,90,9,,transactional
clover pos contract,quasi contract example,390,0,,informational
clover pos contract,pg contract,320,44,,informational
clover pos contract,contract overrun,70,0,,informational
clover pos contract,firm fixed price contract,480,4,,commercial
clover pos contract,speea contract,880,0,,informational
clover pos contract,bellingham contract,260,0,,informational
clover pos contract,ogs contract,720,13,13.3,informational
clover pos contract,trocheck contract,480,22,,informational
clover pos contract,bam contract,480,6,,informational
clover pos contract,brissett contract,480,5,,informational
clover pos contract,contract terms,880,12,7.26,informational
clover pos contract,ovi contract,170,7,,informational
clover pos contract,pat contract,170,0,,informational
clover pos contract,olise contract,390,10,,commercial
clover pos contract,pittman contract,390,7,,commercial
clover pos contract,og contract,390,0,,informational
clover pos contract,pgcea contract,110,0,,informational
clover pos contract,sutton contract,590,11,,commercial
clover pos contract,utla contract,590,5,,informational
clover pos contract,jcea contract,90,0,,informational
clover pos contract,upte contract,260,0,,transactional
clover pos contract,topstep contract limits,70,0,,commercial
clover pos contract,implied-in-fact contract,1000,6,0.01,informational
clover pos contract,lort contract,40,0,,informational
clover pos contract,rodon contract,260,18,,informational
clover pos contract,lsaa contract,30,0,,informational
clover pos contract,ota contract,720,4,3.05,informational
clover pos contract,bpa contract,390,0,8.92,informational
clover pos contract,lump sum contract,390,0,,informational
clover pos contract,entire contract provision,210,0,,informational
clover pos contract,glasnow contract,720,10,,informational
clover pos contract,contract source,210,1,,informational
clover pos contract,contract converting,480,0,10.41,informational
clover pos contract,wga contract,170,30,,navigational
clover pos contract,lwea contract,90,0,,informational
clover pos contract,shakir contract,210,5,,transactional
clover pos contract,condition of a contract,480,0,,informational
clover pos contract,contract central,390,0,,navigational
clover pos contract,contract abbreviation,590,0,,informational
clover pos contract,naylor contract,590,3,,transactional
clover pos contract,upfront contract,90,0,,commercial
clover pos contract,mason marchment contract,320,6,,informational
clover pos contract,bid contract,590,54,10.72,commercial
clover pos contract,anunoby contract,260,0,,informational
clover pos contract,upl contract,110,3,,informational
clover pos contract,herbert contract,590,13,,informational
clover pos contract,pps pat contract,90,0,,informational
clover pos contract,rfp contract,320,18,10.5,transactional
clover pos contract,lbj contract,90,9,,informational
clover pos contract,sewp contract,260,0,5.81,informational
clover pos contract,sta contract,70,0,,informational
clover pos contract,incomplete contract byu,70,0,,informational
clover pos contract,special contract limbus,90,0,,transactional
clover pos contract,strus contract,70,1,,transactional
clover pos contract,tls contract,50,2,,informational
clover pos contract,contract help,30,3,14.29,informational
clover pos contract,gafford contract,260,2,,informational
clover pos contract,luther burden contract,480,0,,informational
clover pos contract,charbonnet contract,480,0,,transactional
clover pos contract,tarrison contract,0,,,informational
clover pos contract,sdea contract,210,0,,informational
clover pos contract,arne slot contract,170,2,,informational
clover pos contract,msp contract,210,0,25.36,informational
clover pos contract,palat contract,210,0,,informational
clover pos contract,kornet contract,210,5,,commercial
clover pos contract,penix contract,210,0,,transactional
clover pos contract,pochettino contract,480,7,,commercial
clover pos contract,kessler contract,210,5,,navigational
clover pos contract,teair tart contract,390,3,,informational
clover pos contract,contract expiring,210,0,,informational
clover pos contract,integrated contract,170,0,3.18,informational
clover pos contract,albies contract,170,14,,informational
clover pos contract,boa contract,140,0,,commercial
how to use clover pos,how to use clover pos,10,,,informational
how to use clover pos,how to use clover pos system,40,4,9.13,informational
how to use clover pos,how to get golden clover cookie clicker,260,0,,informational
how to use clover pos,how to find a four leaf clover,1600,6,0.15,informational
how to use clover pos,how to change start pos in gd,70,0,,informational
how to use clover pos,clover how to,10,,,informational
how to use clover pos,how to break clover pit,10,0,,informational
how to use clover pos,how to get clover marker,20,0,,informational
how to use clover pos,how to cut out a four leaf clover,30,0,,informational
how to use clover pos,how to get start pos switcher in gd,30,0,,transactional
how to use clover pos,how to fix mismatch in destroy block pos,10,,,informational
how to use clover pos,how to preserve a four leaf clover in a necklace,10,0,,informational
how to use clover pos,how to close out clover pos,10,,,informational
how to use clover pos,how to find a four-leaf clover easily,70,8,,informational
how to use clover pos,how to find a four leaf clover easily,70,7,,informational
how to use clover pos,how to find a four-leaf clover easy,70,6,0.01,informational
how to use clover pos,how to make a pos,30,6,27.96,informational
how to use clover pos,pom pom maker clover how to use,30,0,,informational
how to use clover pos,clover configurator how to,10,,,informational
how to use clover pos,how to cut out a 4 leaf clover,20,,,informational
how to use clover pos,how to use toast pos step by-step,20,3,7.99,informational
how to use clover pos,how to use toast pos step-by-step,20,3,23.77,informational
how to use clover pos,how to use toast pos step by step,20,3,7.99,informational
how to use clover pos,how to get clover winds,10,,,informational
how to use clover pos,how to get clover coins,10,,,informational
how to use clover pos,how to use clover configurator,10,48,,informational
how to use clover pos,vita-pos how to apply,10,38,,informational
how to use clover pos,how to use squirrel pos,10,,,informational
how to use clover pos,how to preserve a four leaf clover in a frame,20,0,,informational
how to use clover pos,how to turn on clover duo,10,0,,informational
how to use clover pos,how to turn on clover flex,10,28,,informational
how to use clover pos,how to reset a clover flex,10,0,,informational
how to use clover pos,how to pull clover by hand,10,,1.53,informational
how to use clover pos,how to get clover back bling,10,,,informational
how to use clover pos,how to apply stoney clover patches,10,0,4.78,informational
how to use clover pos,instructions for clover bias tape maker,10,0,,informational
how to use clover pos,how to set up loyverse pos,10,,,informational
how to use clover pos,how to change sop to pos,10,53,,informational
how to use clover pos,how to add pos in loyverse,10,,,informational
how to use clover pos,how to close batch on clover mini,10,,,informational
how to use clover pos,how to close batch on clover station,10,12,,informational
how to use clover pos,how to start a tab on clover,10,,,informational
how to use clover pos,how to find a five leaf clover,10,,,informational
how to use clover pos,how to turn on clover mini machine,10,,,informational
how to use clover pos,how to find a 5-leaf clover,10,21,,informational
how to use clover pos,how to use swedish clover foot file,10,,,informational
how to use clover pos,how to set up clover station pro,10,,18.78,informational
how to use clover pos,how to mix 24d to kill clover,10,39,,informational
how to use clover pos,how to frame a four leaf clover,10,,,informational
how to use clover pos,how to put stoney clover patches on,10,19,,informational
how to use clover pos,clover bias tape maker how to use,10,42,,informational
how to use clover pos,how to connect loyverse pos to kds,10,,,informational
how to use clover pos,how to put thermal paper in pos,10,55,,informational
how to use clover pos,how to turn on a clover station pro,10,0,,informational
how to use clover pos,how to find a four-leaf clover fast,10,43,,informational
how to use clover pos,how to find a four leaf clover fast,10,43,,informational
how to use clover pos,how to preserve a 4 leaf clover laminate,10,44,,informational
how to use clover pos,how to use my clover pom pom maker,10,,,informational
how to use clover pos,how to reprogram clover pos,0,,,informational
how to use clover pos,how to get clover pos,0,,,informational
how to use clover pos,how to tether clover mini to clover station,0,,,informational
how to use clover pos,how to charge clover,0,,,informational
how to use clover pos,how to terminate clover,0,,,informational
how to use clover pos,clover configurator how to use,0,48,,informational
how to use clover pos,how to patch dsdt clover,0,,,informational
how to use clover pos,clover flex quick reference guide,0,,,informational
how to use clover pos,how to use clover system,0,,,informational
how to use clover pos,how to use clover inventory,0,,,informational
how to use clover pos,how to unlock clover register,0,,,informational
how to use clover pos,how to connect clover go,0,,,informational
how to use clover pos,how to setup clover flex,0,18,,informational
how to use clover pos,four leaf clover kit instructions,0,,,informational
how to use clover pos,how to use accelerex pos,0,,,informational
how to use clover pos,how to update revel pos,0,,,informational
how to use clover pos,how to use utak pos,0,,,informational
how to use clover pos,how to install focus pos,0,,,informational
how to use clover pos,how to get branchless pos,0,,,informational
how to use clover pos,how to get flutterwave pos,0,,,informational
how to use clover pos,how to use breadcrumbs pos,0,,,informational
how to use clover pos,how to get tingg pos,0,,,informational
how to use clover pos,how to use breadcrumb pos,0,,,informational
how to use clover pos,how to use aldelo pos,0,,,informational
how to use clover pos,how to open cash drawer clover,0,44,,informational
how to use clover pos,how to input inventory into clover,0,,,informational
how to use clover pos,how to use clover configurator sierra,0,,,informational
how to use clover pos,how to add items in clover,0,,,informational
how to use clover pos,how to put inventory into clover,0,,,informational
how to use clover pos,how to batch out clover flex,0,,,informational
how to use clover pos,how to set up a clover,0,0,,informational
how to use clover pos,how to use clover thread twister,0,,,informational
how to use clover pos,how to use a clover flex,0,53,,informational
how to use clover pos,how to reprogram a clover mini,0,,,informational
how to use clover pos,how to add items to clover,0,,,informational
how to use clover pos,how to use clover rapid deposit,0,,,informational
how to use clover pos,how to operate a clover flex,0,,,informational
how to use clover pos,clover all over how to use,0,,,informational
how to use clover pos,how to use clover vape pen,0,,,informational
how to use clover pos,how to closeout on clover station,0,,,informational
how to use clover pos,how to train stanford pos tagger,0,,,transactional
how to use clover pos,how to train nltk pos tagger,0,,,transactional
how to use clover pos,how to switch on raptor pos,0,,,informational
how to use clover pos,how to make sop to pos,0,,,informational
how to use clover pos,how to link pos to xero,0,,,informational
how to use clover pos,how to connect tyro to pos,0,,,informational
how to use clover pos,how to build a pos tagger,0,,,informational
how to use clover pos,how to install stanford pos tagger,0,,,informational
how to use clover pos,how to add tips on clover mini,0,,,informational
how to use clover pos,how to open clover valley sea salt,0,,,informational
how to use clover pos,how to use a 4 leaf clover,0,,,informational
how to use clover pos,clover flex starter kit quick start guide,0,,,informational
how to use clover pos,how to set up clover rapid deposit,0,,,informational
how to use clover pos,how to color a four leaf clover,0,,,informational
how to use clover pos,how to use clover loop pressing bars,0,,,informational
how to use clover pos,how to set up tips on clover,0,,,informational
how to use clover pos,how to set up clover station 2018,0,,,informational
how to use clover pos,how to use clover double tracing wheel,0,,,informational
how to use clover pos,how to fit a clover pond heater,0,,,informational
how to use clover pos,how to add an item on clover,0,,,informational
how to use clover pos,how to use clover configurator high sierra,0,,,informational
how to use clover pos,how to batch out on clover mini,0,,,informational
how to use clover pos,clover yo-yo maker how to use,0,,,informational
how to use clover pos,how to turn on clover station mini,0,,,informational
how to use clover pos,clover yo yo maker how to use,0,,,informational
how to use clover pos,how to make a pos in wao,0,,,informational
how to use clover pos,how to set up tips on clover flex,0,,,informational
how to use clover pos,how to close a batch on clover mini,0,,,informational
how to use clover pos,how to close out a batch on clover,0,,,informational
how to use clover pos,how to be like clover from totally spies,0,,,informational
how to use clover pos,how to set a four leaf clover in resin,0,,,informational
how to use clover pos,how to use the clover 5 in 1 sliding gauge,0,,,informational
how to use clover pos,how to draw a four leaf clover,5400,0,,informational
how to use clover pos,how to get rid of clover in lawn,5400,0,0.64,informational
how to use clover pos,how to use start pos in gd,170,0,,informational
how to use clover pos,how to draw a clover,1900,0,,informational
how to use clover pos,how kill clover in lawn,1900,0,0.49,informational
how to use clover pos,how to kill clover in lawn,0,0,,informational
how to use clover pos,how to remove clover from lawn,880,0,0.59,informational
how to use clover pos,how do you draw a clover,1900,0,,informational
how to use clover pos,how to plant clover lawn,880,0,0.6,informational
how to use clover pos,how to add start pos in gd,50,0,,informational
how to use clover pos,how to treat clover in your lawn,1900,0,0.63,informational
how to use clover pos,how to use start pos switcher gd,70,0,,informational
how to use clover pos,how can i kill clover in my lawn,1900,0,0.63,informational
how to use clover pos,how to use start pos switcher,50,0,,informational
how to use clover pos,how to plant clover seed,480,0,0.38,informational
how to use clover pos,how to cut clover lawn,10,,,informational
how to use clover pos,how to get rid of clover in your yard,1000,1,0.4,informational
how to use clover pos,best way to kill clover in lawn,260,0,0.71,commercial
how to use clover pos,how to use clover bootloader,10,39,,informational
how to use clover pos,how to get rid of clover in your lawn,480,0,0.54,informational
